{
  "fill_temperature": 0.615500271320343,
  "bag_temperature": 0.6128936409950256
}